Ship Mode,Avg_Lead_Time,Total_Shipments
First Class,1338.2758397932816,1548
Same Day,1333.4424131627056,547
Second Class,1323.845376452754,1979
Standard Class,1314.3346405228758,6120
